{"components":{},"meta":[{"title":"软件下载类","icon":"fa-cube","labelWidth":"100px","screen":["post"],"content":[{"type":"uploader","label":"软件图标","value":"","showImage":true,"name":"app_icon","decoration":"","gear_name":"","gear_value":""},{"type":"multitypes","label":"基本信息","decoration":"使用 [app_basic_info] 短代码来插入图标和基本信息","subLabel":"信息","subLabelWidth":"","displayAsTable":true,"types":[{"type":"input","placeholder":"如：软件名称、版本、大小、操作系统等","name":"label","label":"标签"},{"type":"input","placeholder":"请输入...","name":"value","label":"值"}],"value":[],"name":"app_basic_info","gear_name":"","gear_value":""},{"type":"multitypes","label":"下载地址","decoration":"使用 [app_download_info] 短代码来插入下载列表","subLabel":"地址","subLabelWidth":"","displayAsTable":true,"types":[{"type":"input","placeholder":"如：百度云、迅雷等","name":"name","label":"名称"},{"type":"input","placeholder":"请输入地址...","name":"href","label":"地址"},{"type":"input","placeholder":"如：提取码、解压密码等","name":"note","label":"备注"}],"value":[],"name":"app_download_info","gear_name":"","gear_value":""}],"gear_name":"","gear_value":""}],"myPostTypes":{"posttypes":[],"columns":[]}}